{"cameraMode":{"drawMode":0,"name":"Shaded","section":"Shading Mode"},"sceneLighting":true,"audioPlay":false,"sceneViewState":{"m_AlwaysRefresh":false,"showFog":true,"showSkybox":true,"showFlares":true,"showImageEffects":true,"showParticleSystems":true,"showVisualEffectGraphs":true,"m_FxEnabled":true},"in2DMode":false,"pivot":{"x":972.115478515625,"y":525.0206909179688,"z":-1336.1768798828125},"rotation":{"x":-0.020688656717538835,"y":-0.001505312044173479,"z":-0.000031739025871502236,"w":0.9997711181640625},"size":14.077600479125977,"orthographic":false}